{
	"info": {
		"_postman_id": "d55d9ac1-fe10-4767-9049-43f7b360490e",
		"name": "REST-Demo",
		"description": "A sample of Easy Pay's REST API endpoints. Edit the values in the Body tab to match your account and transaction numbers.",
		"schema": "https://schema.getpostman.com/json/collection/v2.1.0/collection.json",
		"_exporter_id": "24420614"
	},
	"item": [
		{
			"name": "Authenticate",
			"event": [
				{
					"listen": "test",
					"script": {
						"exec": [
							"pm.test(\"Status test\", function () {\r",
							"    pm.response.to.have.status(200);\r",
							"});\r",
							"\r",
							"\r",
							"pm.test(\"SessionKey is returned\", function () {\r",
							"    pm.expect(pm.response.text()).to.include(\"SessKey\");\r",
							"\r",
							"    // store sessionkey in variable\r",
							"    let jsonData = pm.response.json();\r",
							"    pm.collectionVariables.set(\"SessionKey\", jsonData.AuthenticateResult.SessKey);\r",
							"    \r",
							"});\r",
							"\r",
							""
						],
						"type": "text/javascript",
						"packages": {}
					}
				}
			],
			"request": {
				"auth": {
					"type": "noauth"
				},
				"method": "POST",
				"header": [],
				"body": {
					"mode": "raw",
					"raw": "\r\n // this is a general test account; contact Easy Pay for specific credentials for your account\r\n {\r\n\"AcctCode\": \"EP768XXXX\",\r\n\"Token\": \"914185DB24E34F4FB3A6BBE704FA957F\"\r\n}\r\n\r\n\r\n",
					"options": {
						"raw": {
							"language": "json"
						}
					}
				},
				"url": {
					"raw": "{{base_url}}/Authenticate",
					"host": [
						"{{base_url}}"
					],
					"path": [
						"Authenticate"
					]
				}
			},
			"response": []
		},
		{
			"name": "CardSale-Void",
			"event": [
				{
					"listen": "test",
					"script": {
						"exec": [
							"pm.test(\"Status code is 200\", function () {\r",
							"    pm.response.to.have.status(200);\r",
							"});\r",
							"\r",
							"pm.test(\"FunctionOK is true\", function () {\r",
							"    var jsonData = pm.response.json();   \r",
							"    pm.expect(jsonData.Transaction_VoidResult.FunctionOk).to.eql(true);\r",
							"});\r",
							"\r",
							"pm.test(\"Transaction is Voided\", function () {\r",
							"    var jsonData = pm.response.json();    \r",
							"    pm.expect(jsonData.Transaction_VoidResult.ErrCode).to.eql(0);\r",
							"});"
						],
						"type": "text/javascript",
						"packages": {}
					}
				}
			],
			"request": {
				"method": "POST",
				"header": [],
				"body": {
					"mode": "raw",
					"raw": "// Replace TransactionIDForVoid with an open transaction id\r\n{\"TxID\": {{TransactionIDForVoid}}}",
					"options": {
						"raw": {
							"language": "json"
						}
					}
				},
				"url": {
					"raw": "{{base_url}}/CardSale/Void",
					"host": [
						"{{base_url}}"
					],
					"path": [
						"CardSale",
						"Void"
					]
				}
			},
			"response": []
		},
		{
			"name": "CardSale-ApplyCredit",
			"event": [
				{
					"listen": "test",
					"script": {
						"exec": [
							"pm.test(\"Status code is 200\", function () {\r",
							"    pm.response.to.have.status(200);\r",
							"});\r",
							"\r",
							"var jsonData = pm.response.json();  \r",
							"pm.test(\"FunctionOK is true\", function () {    \r",
							"     pm.collectionVariables.set(\"CreditID\", jsonData.Transaction_ApplyCreditResult.TxID);\r",
							"    pm.expect(jsonData.Transaction_ApplyCreditResult.FunctionOk).to.eql(true);\r",
							"});\r",
							"\r",
							"pm.test(\"Transaction is Credited\", function () {    \r",
							"    pm.expect(jsonData.Transaction_ApplyCreditResult.ErrCode).to.eql(0);\r",
							"});"
						],
						"type": "text/javascript",
						"packages": {}
					}
				}
			],
			"request": {
				"method": "POST",
				"header": [],
				"body": {
					"mode": "raw",
					"raw": "// Replace {{TransactionID}} with the ID of a transaction that has been settled\r\n{\r\n\"TxID\": {{TransactionID}},\r\n\"CreditAmount\": 5.0\r\n}",
					"options": {
						"raw": {
							"language": "json"
						}
					}
				},
				"url": {
					"raw": "{{base_url}}/CardSale/ApplyCredit",
					"host": [
						"{{base_url}}"
					],
					"path": [
						"CardSale",
						"ApplyCredit"
					]
				}
			},
			"response": []
		},
		{
			"name": "AnnualConsent-ProcessPayment",
			"event": [
				{
					"listen": "test",
					"script": {
						"exec": [
							"pm.test(\"Status code is 200\", function () {\r",
							"    pm.response.to.have.status(200);\r",
							"});\r",
							"\r",
							"pm.test(\"FunctionOK is true\", function () {\r",
							"    var jsonData = pm.response.json();   \r",
							"    pm.expect(jsonData.ConsentAnnual_ProcPaymentResult.FunctionOk).to.eql(true);\r",
							"});\r",
							"\r",
							"pm.test(\"Payment is Processed\", function () {\r",
							"    var jsonData = pm.response.json();   \r",
							"    pm.expect(jsonData.ConsentAnnual_ProcPaymentResult.TxApproved).to.eql(true);\r",
							"});"
						],
						"type": "text/javascript",
						"packages": {}
					}
				}
			],
			"request": {
				"method": "POST",
				"header": [],
				"body": {
					"mode": "raw",
					"raw": "// AnnualConsentID needs to be the ID of a consent that is open and not fully charged\r\n{\r\n\"ConsentID\": {{AnnualConsentID}},\r\n\"ProcessAmount\": 5.0\r\n}",
					"options": {
						"raw": {
							"language": "json"
						}
					}
				},
				"url": {
					"raw": "{{base_url}}/ConsentAnnual/ProcPayment",
					"host": [
						"{{base_url}}"
					],
					"path": [
						"ConsentAnnual",
						"ProcPayment"
					]
				}
			},
			"response": []
		},
		{
			"name": "AnnualConsent-Query",
			"event": [
				{
					"listen": "test",
					"script": {
						"exec": [
							"pm.test(\"Status code is 200\", function () {\r",
							"    pm.response.to.have.status(200);\r",
							"});\r",
							"\r",
							"pm.test(\"FunctionOK is true\", function () {\r",
							"    var jsonData = pm.response.json();   \r",
							"    pm.expect(jsonData.ConsentAnnual_QueryResult.FunctionOk).to.eql(true);\r",
							"});\r",
							"pm.test(\"Consent was Found\", function () {\r",
							"    var jsonData = pm.response.json();   \r",
							"    pm.expect(jsonData.ConsentAnnual_QueryResult.NumRecords).to.eql(1);\r",
							"});"
						],
						"type": "text/javascript"
					}
				}
			],
			"request": {
				"method": "POST",
				"header": [],
				"body": {
					"mode": "raw",
					"raw": "{\r\n\"Query\": \"(A=1)&&(Z={{AnnualConsentID}})&&(H=1)\"\r\n}",
					"options": {
						"raw": {
							"language": "json"
						}
					}
				},
				"url": {
					"raw": "{{base_url}}/Query/ConsentAnnual",
					"host": [
						"{{base_url}}"
					],
					"path": [
						"Query",
						"ConsentAnnual"
					]
				}
			},
			"response": []
		},
		{
			"name": "Transaction Query",
			"event": [
				{
					"listen": "test",
					"script": {
						"exec": [
							"pm.test(\"Status code is 200\", function () {\r",
							"    pm.response.to.have.status(200);\r",
							"});\r",
							"\r",
							"var jsonData = pm.response.json();\r",
							"\r",
							"pm.test(\"FunctionOK is true\", function () {       \r",
							"    pm.expect(jsonData.Transaction_QueryResult.FunctionOk).to.eql(true);\r",
							"});\r",
							"\r",
							"\r",
							"\r",
							"\r",
							""
						],
						"type": "text/javascript",
						"packages": {}
					}
				},
				{
					"listen": "prerequest",
					"script": {
						"exec": [
							""
						],
						"type": "text/javascript",
						"packages": {}
					}
				}
			],
			"request": {
				"method": "POST",
				"header": [],
				"body": {
					"mode": "raw",
					"raw": "{ \"Query\": \"(A=1)&&(H={{TransactionID}})\"}",
					"options": {
						"raw": {
							"language": "json"
						}
					}
				},
				"url": {
					"raw": "{{base_url}}/Query/Transaction",
					"host": [
						"{{base_url}}"
					],
					"path": [
						"Query",
						"Transaction"
					]
				}
			},
			"response": []
		},
		{
			"name": "Receipt Generate",
			"event": [
				{
					"listen": "test",
					"script": {
						"exec": [
							"pm.test(\"Status code is 200\", function () {\r",
							"    pm.response.to.have.status(200);\r",
							"});\r",
							"\r",
							"pm.test(\"FunctionOK is true\", function () {\r",
							"    var jsonData = pm.response.json();   \r",
							"    pm.expect(jsonData.ReceiptGenerateResult.FunctionOk).to.eql(true);\r",
							"});\r",
							"\r",
							""
						],
						"type": "text/javascript"
					}
				},
				{
					"listen": "prerequest",
					"script": {
						"exec": [
							""
						],
						"type": "text/javascript"
					}
				}
			],
			"request": {
				"method": "POST",
				"header": [],
				"body": {
					"mode": "raw",
					"raw": "{\r\n    \"REFID\": {{TransactionID}},\r\n    \"ReceiptType\": 1,\r\n    \"Recipient\": 1\r\n}",
					"options": {
						"raw": {
							"language": "json"
						}
					}
				},
				"url": {
					"raw": "{{base_url}}//Receipt/ReceiptGenerate",
					"host": [
						"{{base_url}}"
					],
					"path": [
						"",
						"Receipt",
						"ReceiptGenerate"
					]
				}
			},
			"response": []
		}
	],
	"auth": {
		"type": "apikey",
		"apikey": [
			{
				"key": "value",
				"value": "{{SessionKey}}",
				"type": "string"
			},
			{
				"key": "key",
				"value": "SessKey",
				"type": "string"
			}
		]
	},
	"event": [
		{
			"listen": "prerequest",
			"script": {
				"type": "text/javascript",
				"packages": {},
				"exec": [
					""
				]
			}
		},
		{
			"listen": "test",
			"script": {
				"type": "text/javascript",
				"packages": {},
				"exec": [
					""
				]
			}
		}
	],
	"variable": [
		{
			"key": "base_url",
			"value": "https://easypay5.com/APIcardProcREST/v1.0.0",
			"type": "string"
		},
		{
			"key": "SessionKey",
			"value": "CC3C53BAEF284B3AAC303235363541303336313936"
		},
		{
			"key": "CreditID",
			"value": ""
		},
		{
			"key": "TransactionIDForVoid",
			"value": "",
			"type": "string"
		},
		{
			"key": "TransactionID",
			"value": "",
			"type": "string"
		},
		{
			"key": "AnnualConsentID",
			"value": "",
			"type": "string"
		}
	]
}